sym_a,sym_b,eg_pvalue
GRTUSDT,ZILUSDT,0.0025073304448077877
VTHOUSDT,POLYXUSDT,0.00684018402761546
LINKUSDT,SUSHIUSDT,0.00970018061569856
VTHOUSDT,IMXUSDT,0.010469752228541917
AAVEUSDT,NMRUSDT,0.0169431958816285
EGLDUSDT,SANDUSDT,0.01881991051401778
FILUSDT,NMRUSDT,0.019624645339685446
DOTUSDT,EGLDUSDT,0.020768172471030345
ETHUSDT,LINKUSDT,0.022674627952252006
SHIBUSDT,NEOUSDT,0.030521792192974385
VETUSDT,HBARUSDT,0.030585244369849007
SHIBUSDT,WAXPUSDT,0.032646246594033035
ONEUSDT,GRTUSDT,0.03288235576867851
LINKUSDT,ACHUSDT,0.03604822904439781
BTCUSDT,LINKUSDT,0.03905716049933323
ADAUSDT,POLYXUSDT,0.03929247819504573
DOTUSDT,SANDUSDT,0.03976993479153924
VTHOUSDT,ZRXUSDT,0.04087332336348319
SHIBUSDT,HBARUSDT,0.04454447518833351
ETHUSDT,XLMUSDT,0.04494832416794667
YFIUSDT,ZRXUSDT,0.04649841591811312
FLOKIUSDT,ZRXUSDT,0.046674017361937166
ALGOUSDT,NEOUSDT,0.04683401849903886
XRPUSDT,LTCUSDT,0.048913652871595194
BTCUSDT,YFIUSDT,0.049556466368435956
ALGOUSDT,EGLDUSDT,0.049953685559461614
ETHUSDT,ACHUSDT,0.050699283897599055
SHIBUSDT,POLYXUSDT,0.05315984058197178
OPUSDT,SANDUSDT,0.05360054736882826
GALAUSDT,APEUSDT,0.05479846176528676
ETHUSDT,LTCUSDT,0.05559707232201983
XRPUSDT,FLOKIUSDT,0.0558928398370795
USDCUSDT,NMRUSDT,0.056015655920991746
VTHOUSDT,WAXPUSDT,0.056334921359808686
DOGEUSDT,FLOKIUSDT,0.057257899323372795
SHIBUSDT,MANAUSDT,0.05830324340532928
POLYXUSDT,IMXUSDT,0.05864964622027879
BTCUSDT,ACHUSDT,0.058754262278184984
AAVEUSDT,FILUSDT,0.058853898609708175
BTCUSDT,ZRXUSDT,0.06172295659310589
ATOMUSDT,IMXUSDT,0.06211691423900615
WAXPUSDT,EGLDUSDT,0.06382645825125122
BTCUSDT,IOTAUSDT,0.06480647912980374
BTCUSDT,XRPUSDT,0.06605642443067075
SHIBUSDT,ROSEUSDT,0.06619839590680905
SOLUSDT,NEOUSDT,0.06748722007233436
BTCUSDT,SUSHIUSDT,0.0675200118973502
BTCUSDT,USDCUSDT,0.06830318062644038
BTCUSDT,LDOUSDT,0.06847072616766686
BTCUSDT,POLYXUSDT,0.0685158036071224
BTCUSDT,AAVEUSDT,0.06903400334755136
LTCUSDT,STORJUSDT,0.07283283535215712
ADAUSDT,VTHOUSDT,0.07329234045730648
SHIBUSDT,AAVEUSDT,0.07835226803557367
BTCUSDT,STORJUSDT,0.07862857521445611
ADAUSDT,AVAXUSDT,0.07890327246624845
ETHUSDT,LDOUSDT,0.07905864292291709
ZRXUSDT,IMXUSDT,0.07956596794133419
GALAUSDT,MANAUSDT,0.08079562834213566
WAXPUSDT,NEOUSDT,0.08127346956468673
GRTUSDT,THETAUSDT,0.08238361570990715
DOGEUSDT,YFIUSDT,0.08355880318795111
SHIBUSDT,DOTUSDT,0.08428647065911782
ATOMUSDT,VTHOUSDT,0.0859321606866621
ETHUSDT,STORJUSDT,0.08698783529132759
BTCUSDT,APEUSDT,0.08941772346270704
EGLDUSDT,NEOUSDT,0.08992501886898552
BTCUSDT,LTCUSDT,0.09048281321426938
GALAUSDT,XLMUSDT,0.091777510083219
AVAXUSDT,POLYXUSDT,0.0919426604447317
ATOMUSDT,WAXPUSDT,0.09202278813109571
NEOUSDT,IMXUSDT,0.09253369033065162
VETUSDT,EGLDUSDT,0.09294281354968853
VTHOUSDT,SANDUSDT,0.09334281863351473
VTHOUSDT,EGLDUSDT,0.09373469313430555
BTCUSDT,UNIUSDT,0.09377517991718443
LINKUSDT,STORJUSDT,0.09427465794627377
WAXPUSDT,OPUSDT,0.0962757995894648
BTCUSDT,ROSEUSDT,0.09679896991044917
WAXPUSDT,IMXUSDT,0.09848960950869429
OPUSDT,NEOUSDT,0.09988849482343753
BTCUSDT,FETUSDT,0.1010317053319425
XLMUSDT,UNIUSDT,0.10160900812410883
VETUSDT,NEOUSDT,0.10187490163425861
BTCUSDT,THETAUSDT,0.10225614809583444
EGLDUSDT,POLYXUSDT,0.10261211239105822
IOTAUSDT,SUSHIUSDT,0.10269649609663145
SHIBUSDT,IMXUSDT,0.10353801406293633
SOLUSDT,OPUSDT,0.1036334181282933
HBARUSDT,NEOUSDT,0.10385123981822286
GALAUSDT,RVNUSDT,0.10389514614036044
APEUSDT,IMXUSDT,0.10429607883595932
ALGOUSDT,IMXUSDT,0.1049424499097455
ETHUSDT,SUSHIUSDT,0.10633317409903564
FLOKIUSDT,YFIUSDT,0.10731109171957731
SHIBUSDT,ZRXUSDT,0.11009113836090972
LINKUSDT,LTCUSDT,0.1105649999667217
HBARUSDT,VTHOUSDT,0.11438892673122092
SHIBUSDT,GRTUSDT,0.11448133731249643
ETHUSDT,UNIUSDT,0.11449905664989274
EGLDUSDT,ZRXUSDT,0.11463270695582517
BTCUSDT,BNBUSDT,0.11513052590776396
SHIBUSDT,NEARUSDT,0.11667078572671019
BTCUSDT,SOLUSDT,0.11859010577757839
AVAXUSDT,VTHOUSDT,0.11874716435057298
ETHUSDT,XRPUSDT,0.11881085771511252
RVNUSDT,IOTAUSDT,0.1199513429973742
ATOMUSDT,POLYXUSDT,0.12057952673059813
DOTUSDT,OPUSDT,0.12061378043177073
ETHUSDT,MANAUSDT,0.12127465440639967
XRPUSDT,SUSHIUSDT,0.12385547140117958
NEARUSDT,ROSEUSDT,0.1239098988695686
HBARUSDT,ALGOUSDT,0.12545553516431857
SHIBUSDT,ALGOUSDT,0.1254709999704985
WAXPUSDT,MANAUSDT,0.12553626179084587
SHIBUSDT,OPUSDT,0.12649304857685
SOLUSDT,NEARUSDT,0.12675223676765413
BTCUSDT,NMRUSDT,0.12715798341197881
GALAUSDT,LDOUSDT,0.12728907413260376
BTCUSDT,XLMUSDT,0.1273719531312666
SHIBUSDT,THETAUSDT,0.1279356077279184
ATOMUSDT,ZRXUSDT,0.12805938013127904
AAVEUSDT,ROSEUSDT,0.12829812886678144
HBARUSDT,EGLDUSDT,0.1290679371359465
XRPUSDT,STORJUSDT,0.12970525559413326
SHIBUSDT,SANDUSDT,0.1306892301288422
YFIUSDT,IMXUSDT,0.1309481672966456
VTHOUSDT,NEOUSDT,0.13211173082016608
SHIBUSDT,ZILUSDT,0.13238590818617452
SHIBUSDT,LDOUSDT,0.13371959901498437
YFIUSDT,FILUSDT,0.1340138765794356
BTCUSDT,OPUSDT,0.13475528987078905
SHIBUSDT,ATOMUSDT,0.1363926681895622
RVNUSDT,APEUSDT,0.1366939554252849
ATOMUSDT,EGLDUSDT,0.13671371961182804
XLMUSDT,ONEUSDT,0.13765724808660923
ETHUSDT,GALAUSDT,0.13900986015232525
AAVEUSDT,OPUSDT,0.1391303978761298
APEUSDT,SUSHIUSDT,0.14054068763141486
WAXPUSDT,POLYXUSDT,0.14082308953369832
ETHUSDT,ONEUSDT,0.14108370639699253
XLMUSDT,STORJUSDT,0.1414641652066405
GALAUSDT,STORJUSDT,0.14212564999760818
ETHUSDT,THETAUSDT,0.14230546241007813
SHIBUSDT,VTHOUSDT,0.14242721448484852
EGLDUSDT,IMXUSDT,0.14295470102458613
ONEUSDT,THETAUSDT,0.14300473360131716
BTCUSDT,ATOMUSDT,0.14401598674728938
GALAUSDT,IOTAUSDT,0.14619420877453992
YFIUSDT,OPUSDT,0.1465993385574988
BTCUSDT,ONEUSDT,0.1478713718626255
AAVEUSDT,UNIUSDT,0.14790852497964535
WAXPUSDT,ZRXUSDT,0.14803601613501816
GALAUSDT,ZILUSDT,0.14895140789654593
VTHOUSDT,ALGOUSDT,0.1489801262941604
GALAUSDT,WAXPUSDT,0.14949580594877293
BTCUSDT,ZILUSDT,0.14969930700125894
SHIBUSDT,YFIUSDT,0.14994295848671918
APEUSDT,NMRUSDT,0.15156605806336376
GRTUSDT,OPUSDT,0.15245006259207805
GALAUSDT,LTCUSDT,0.15294686212819553
DOGEUSDT,ZRXUSDT,0.1530646588610723
UNIUSDT,LDOUSDT,0.15447551260948506
FETUSDT,ZRXUSDT,0.15469732629727878
ALGOUSDT,SANDUSDT,0.15516567957458677
BTCUSDT,NEARUSDT,0.15565100513884456
WAXPUSDT,SANDUSDT,0.15669002805178206
ZRXUSDT,NEOUSDT,0.15682311899464074
XRPUSDT,FETUSDT,0.15771665659204598
GALAUSDT,GRTUSDT,0.1585159260669396
GALAUSDT,POLYXUSDT,0.15901664346588362
ETHUSDT,AAVEUSDT,0.15936829499373395
BTCUSDT,BCHUSDT,0.15970084125490913
ONEUSDT,OPUSDT,0.16034188344711092
YFIUSDT,EGLDUSDT,0.160746002417486
BTCUSDT,MANAUSDT,0.16132850705891733
YFIUSDT,NMRUSDT,0.16188408658905235
SHIBUSDT,UNIUSDT,0.16234328944410836
ETHUSDT,ZILUSDT,0.16284258151488185
BTCUSDT,IMXUSDT,0.16293604232318137
ONEUSDT,ZILUSDT,0.16305821730414932
GALAUSDT,AAVEUSDT,0.1631652140588915
GALAUSDT,YFIUSDT,0.1643488682733602
GRTUSDT,MANAUSDT,0.16479272482193497
XRPUSDT,DOGEUSDT,0.16484966074303875
DOTUSDT,WAXPUSDT,0.16665431959554117
ETHUSDT,NMRUSDT,0.1684099506711294
GALAUSDT,ACHUSDT,0.16895038795479578
AAVEUSDT,THETAUSDT,0.16960265993720652
GALAUSDT,SUSHIUSDT,0.17046385517772072
SHIBUSDT,SUSHIUSDT,0.17354065645623074
YFIUSDT,NEOUSDT,0.17442430079378884
SHIBUSDT,IOTAUSDT,0.1749010023535944
BTCUSDT,NEOUSDT,0.1749375654801285
BTCUSDT,GRTUSDT,0.1749935460137721
DOTUSDT,NEOUSDT,0.17534806815296733
YFIUSDT,POLYXUSDT,0.17543950678823794
LTCUSDT,SUSHIUSDT,0.17550124505186154
XLMUSDT,GRTUSDT,0.17617590494875657
HBARUSDT,ZRXUSDT,0.17660845061458108
GALAUSDT,ZRXUSDT,0.17749091093550345
BTCUSDT,VTHOUSDT,0.17749946353728602
VETUSDT,ZRXUSDT,0.1779155218531071
DOTUSDT,GRTUSDT,0.1781884940792689
RVNUSDT,POLYXUSDT,0.17858799241408713
BTCUSDT,RVNUSDT,0.17895797664944652
ALGOUSDT,WAXPUSDT,0.17962836872282162
ALGOUSDT,POLYXUSDT,0.17982142175868265
WAXPUSDT,GRTUSDT,0.1800062132240568
AVAXUSDT,IMXUSDT,0.18177294507623737
BTCUSDT,AVAXUSDT,0.18287077942998392
XLMUSDT,LDOUSDT,0.18436311520531856
ETHUSDT,ZRXUSDT,0.18725173706193227
WAXPUSDT,ZILUSDT,0.1882096144087212
APEUSDT,SANDUSDT,0.18846979187516844
XLMUSDT,THETAUSDT,0.1900294556104728
ETHUSDT,ROSEUSDT,0.1901312749856952
BTCUSDT,EGLDUSDT,0.19059647463711477
SHIBUSDT,ONEUSDT,0.19095331740558164
RVNUSDT,SUSHIUSDT,0.19103713114653975
GALAUSDT,UNIUSDT,0.19124683293495048
NEARUSDT,OPUSDT,0.19183147125653466
EGLDUSDT,MANAUSDT,0.1919790396000266
GALAUSDT,THETAUSDT,0.19327840322031542
AAVEUSDT,SANDUSDT,0.19345804510669812
AVAXUSDT,ATOMUSDT,0.19393380053371118
YFIUSDT,SANDUSDT,0.19410915334312523
ETHUSDT,RVNUSDT,0.19440364777122737
ZILUSDT,MANAUSDT,0.1944946082355461
ETHUSDT,SOLUSDT,0.19464448493386283
ETHUSDT,IOTAUSDT,0.1957340705716536
VTHOUSDT,MANAUSDT,0.19610981597248833
DOTUSDT,ALGOUSDT,0.19622515073909924
DOGEUSDT,FETUSDT,0.19750253457679756
GRTUSDT,NEOUSDT,0.1982255169344737
GRTUSDT,SANDUSDT,0.1995188002148391
ETHUSDT,NEARUSDT,0.1995984558532095
ETHUSDT,USDCUSDT,0.20195178652797108
BTCUSDT,ETHUSDT,0.2019627897000777
GALAUSDT,ROSEUSDT,0.20241831687792589
BTCUSDT,GALAUSDT,0.20396160386587397
WAXPUSDT,ROSEUSDT,0.2042730598531879
VETUSDT,ALGOUSDT,0.20458741064947894
FLOKIUSDT,ROSEUSDT,0.2053038435884833
BTCUSDT,FILUSDT,0.20545457739193956
HBARUSDT,POLYXUSDT,0.20624469140630147
XRPUSDT,VTHOUSDT,0.20636718565961465
BCHUSDT,STORJUSDT,0.2064520991663738
GALAUSDT,ATOMUSDT,0.2067018867966694
FLOKIUSDT,IMXUSDT,0.20790310387402633
ACHUSDT,SUSHIUSDT,0.20938898174730391
ETHUSDT,YFIUSDT,0.20971942721245196
BTCUSDT,DOTUSDT,0.20987458924351526
ETHUSDT,GRTUSDT,0.21009948854184002
EGLDUSDT,THETAUSDT,0.2106070503889395
SHIBUSDT,LTCUSDT,0.21135691087416075
ADAUSDT,EGLDUSDT,0.21136816439355527
DOGEUSDT,AAVEUSDT,0.21185530013605192
DOGEUSDT,ROSEUSDT,0.21278695679864085
AVAXUSDT,FLOKIUSDT,0.21409865867946754
ATOMUSDT,HBARUSDT,0.2144797882767876
BTCUSDT,FLOKIUSDT,0.2145645254100212
BTCUSDT,VETUSDT,0.21595923575756992
ETHUSDT,BNBUSDT,0.21598246209319488
BTCUSDT,ALGOUSDT,0.2168460714481013
APEUSDT,NEOUSDT,0.22026940424543884
DOGEUSDT,NMRUSDT,0.2209698072916208
SHIBUSDT,STORJUSDT,0.22130843468319072
BNBUSDT,SANDUSDT,0.22135017455816303
SHIBUSDT,EGLDUSDT,0.22238999000956117
XRPUSDT,GALAUSDT,0.22251123506686366
XRPUSDT,YFIUSDT,0.22371973935722222
SANDUSDT,NEOUSDT,0.22376875131932977
LINKUSDT,XRPUSDT,0.22445444278953203
ETHUSDT,FETUSDT,0.2248639365496342
SHIBUSDT,NMRUSDT,0.2264574931686238
XLMUSDT,OPUSDT,0.2288794296149544
AAVEUSDT,GRTUSDT,0.2295603260694299
ETHUSDT,POLYXUSDT,0.22971207554075446
LINKUSDT,POLYXUSDT,0.23135502993173857
AAVEUSDT,NEOUSDT,0.2315483262255607
SHIBUSDT,ACHUSDT,0.23157351265157738
GALAUSDT,OPUSDT,0.23334235727259584
ALGOUSDT,ZRXUSDT,0.2354114544208698
XRPUSDT,ZRXUSDT,0.2366319125984187
SHIBUSDT,FLOKIUSDT,0.2370566239133457
DOGEUSDT,APEUSDT,0.2389036711173702
GALAUSDT,EGLDUSDT,0.2391768176310819
GALAUSDT,DOTUSDT,0.24014655944283864
ETHUSDT,SANDUSDT,0.24049948420181883
ROSEUSDT,OPUSDT,0.2405120367683341
SHIBUSDT,BCHUSDT,0.2410945539032876
XRPUSDT,ACHUSDT,0.24157432345474833
BTCUSDT,SANDUSDT,0.24341993016796643
XLMUSDT,SANDUSDT,0.24424258514393188
BNBUSDT,ROSEUSDT,0.24640645291718993
ETHUSDT,APEUSDT,0.24695024703529883
XLMUSDT,FILUSDT,0.24745877366979335
VETUSDT,POLYXUSDT,0.24799353733720703
ETHUSDT,DOTUSDT,0.24855472801830492
XLMUSDT,NEARUSDT,0.25112022069821555
ETHUSDT,VTHOUSDT,0.251370044837226
XRPUSDT,IMXUSDT,0.2515065429735551
AVAXUSDT,FETUSDT,0.2518219662001723
GRTUSDT,NMRUSDT,0.2519709797345208
GRTUSDT,EGLDUSDT,0.25233155191640166
VTHOUSDT,FLOKIUSDT,0.25283546857561273
ADAUSDT,ZRXUSDT,0.25358086722107037
XLMUSDT,NMRUSDT,0.25377366170572274
ROSEUSDT,NEOUSDT,0.2547511900448478
LTCUSDT,XLMUSDT,0.2548123060123912
BNBUSDT,FILUSDT,0.25485697275657504
ETHUSDT,OPUSDT,0.25552034421009945
BTCUSDT,WAXPUSDT,0.25644500700045986
ZILUSDT,NEOUSDT,0.2574611888949291
ADAUSDT,IMXUSDT,0.2591036514874674
BCHUSDT,LDOUSDT,0.2600547245749387
XRPUSDT,RVNUSDT,0.2612545497357667
VTHOUSDT,YFIUSDT,0.2612968137946942
FLOKIUSDT,OPUSDT,0.26201020099330147
DOGEUSDT,IOTAUSDT,0.2623677419712621
BTCUSDT,HBARUSDT,0.2625155230990092
ETHUSDT,BCHUSDT,0.26254613292829104
ETHUSDT,EGLDUSDT,0.2632104535954245
ZRXUSDT,SANDUSDT,0.2641441786581722
NEARUSDT,NEOUSDT,0.264368072428226
ETHUSDT,NEOUSDT,0.26445698352443126
GALAUSDT,VTHOUSDT,0.2658759376748482
YFIUSDT,THETAUSDT,0.2659858479387319
GALAUSDT,SHIBUSDT,0.2661976454005265
ETHUSDT,AVAXUSDT,0.26700057128851573
GALAUSDT,IMXUSDT,0.26730209955037104
LINKUSDT,VTHOUSDT,0.26745937037415246
ACHUSDT,LDOUSDT,0.267509328101437
LINKUSDT,FLOKIUSDT,0.26810692594080276
AAVEUSDT,EGLDUSDT,0.2681598144325174
VETUSDT,WAXPUSDT,0.26905787719263
FLOKIUSDT,POLYXUSDT,0.2692207246101068
AVAXUSDT,ZRXUSDT,0.2694805687786995
WAXPUSDT,NMRUSDT,0.2699378188785326
IOTAUSDT,NMRUSDT,0.2699640857719826
XRPUSDT,AVAXUSDT,0.2706940745412041
XRPUSDT,VETUSDT,0.27125239403984647
FLOKIUSDT,NEOUSDT,0.271859874974955
AAVEUSDT,LDOUSDT,0.2720640331170242
LTCUSDT,LDOUSDT,0.27300460841297935
SHIBUSDT,XLMUSDT,0.2733987892209897
ZRXUSDT,POLYXUSDT,0.2735839119353796
ETHUSDT,FILUSDT,0.27510423225171354
ETHUSDT,VETUSDT,0.275321342127017
GALAUSDT,ALGOUSDT,0.2762961931114979
XLMUSDT,MANAUSDT,0.2774495428414885
GALAUSDT,NEARUSDT,0.2782990877187784
GALAUSDT,BCHUSDT,0.27844053280714187
AVAXUSDT,WAXPUSDT,0.27898112591916424
ETHUSDT,IMXUSDT,0.2796629793665879
FLOKIUSDT,FILUSDT,0.279837761203403
GALAUSDT,NEOUSDT,0.2799835664354517
OPUSDT,THETAUSDT,0.28063422169190605
BTCUSDT,ADAUSDT,0.28165370772326637
POLYXUSDT,NEOUSDT,0.2821207591338986
WAXPUSDT,LDOUSDT,0.2830888847516242
ETHUSDT,ATOMUSDT,0.28364618711777323
LTCUSDT,ACHUSDT,0.28386363760750355
IOTAUSDT,IMXUSDT,0.2859647826808033
LINKUSDT,IOTAUSDT,0.28640355688290353
HBARUSDT,IMXUSDT,0.286519574136438
MANAUSDT,NEOUSDT,0.28770609754094123
GALAUSDT,ONEUSDT,0.2878339060834781
NEARUSDT,GRTUSDT,0.28824087850002045
XLMUSDT,ACHUSDT,0.2885887295735904
OPUSDT,EGLDUSDT,0.2893228518039872
BNBUSDT,OPUSDT,0.2899819868251418
EGLDUSDT,ZILUSDT,0.2901731646329273
XLMUSDT,EGLDUSDT,0.29025788394305513
FLOKIUSDT,EGLDUSDT,0.2902642188168766
SHIBUSDT,APEUSDT,0.2905766577215561
AAVEUSDT,ZILUSDT,0.2917685866059454
AVAXUSDT,NEOUSDT,0.29214029240857264
FLOKIUSDT,NMRUSDT,0.2942944964717127
WAXPUSDT,IOTAUSDT,0.2946670225241329
LINKUSDT,FETUSDT,0.29533216691180536
POLYXUSDT,SANDUSDT,0.2954179627526903
XLMUSDT,ROSEUSDT,0.2992876666698042
WAXPUSDT,SUSHIUSDT,0.3000246037582812
SOLUSDT,ROSEUSDT,0.30077925742564693
ADAUSDT,AAVEUSDT,0.30094001357976397
LINKUSDT,ADAUSDT,0.30099770967399586
GALAUSDT,NMRUSDT,0.30156616984907775
DOGEUSDT,POLYXUSDT,0.3021849931914714
XRPUSDT,HBARUSDT,0.30308691800981724
DOGEUSDT,STORJUSDT,0.3033637012373024
STORJUSDT,SUSHIUSDT,0.3039649073511433
DOGEUSDT,LDOUSDT,0.3039752312756526
WAXPUSDT,YFIUSDT,0.30706896950173823
DOTUSDT,MANAUSDT,0.3092553255392714
YFIUSDT,ZILUSDT,0.30967092118259176
LINKUSDT,GALAUSDT,0.310643110609102
YFIUSDT,STORJUSDT,0.31146563526921833
WAXPUSDT,UNIUSDT,0.3125591138890003
ZILUSDT,LDOUSDT,0.3126382165108294
DOGEUSDT,NEARUSDT,0.3145404951624065
DOGEUSDT,OPUSDT,0.31455979092606307
AAVEUSDT,MANAUSDT,0.3149638624861606
XRPUSDT,ROSEUSDT,0.3151602887645616
ACHUSDT,STORJUSDT,0.3154455239104431
XLMUSDT,SUSHIUSDT,0.31544996964151806
FETUSDT,VTHOUSDT,0.3160332365401831
ADAUSDT,WAXPUSDT,0.3167509850782806
HBARUSDT,AAVEUSDT,0.31843023154792294
XRPUSDT,EGLDUSDT,0.31846090496120205
WAXPUSDT,THETAUSDT,0.3194261408108222
XRPUSDT,BNBUSDT,0.321311886759981
EGLDUSDT,LDOUSDT,0.3217385415627504
LINKUSDT,ONEUSDT,0.32199723974727645
OPUSDT,FILUSDT,0.3224714181935677
LINKUSDT,IMXUSDT,0.3229871058520575
BNBUSDT,NMRUSDT,0.32396064150908743
ATOMUSDT,ALGOUSDT,0.3242494716308001
XLMUSDT,AAVEUSDT,0.32593207004854774
DOGEUSDT,SUSHIUSDT,0.3267450255440767
BCHUSDT,UNIUSDT,0.32709039266026196
LTCUSDT,IOTAUSDT,0.3284061387684152
ADAUSDT,SUSHIUSDT,0.328634518060236
ETHUSDT,ALGOUSDT,0.3295369257835534
XRPUSDT,POLYXUSDT,0.32976197413615893
ZRXUSDT,FILUSDT,0.3301321662421586
AAVEUSDT,ZRXUSDT,0.33067393703257586
DOGEUSDT,THETAUSDT,0.33085753107325155
XLMUSDT,IOTAUSDT,0.3310535563527771
SOLUSDT,VETUSDT,0.3313875889535471
XRPUSDT,OPUSDT,0.3315862534181554
BCHUSDT,IOTAUSDT,0.3331773043919541
THETAUSDT,LDOUSDT,0.3332351650511048
ETHUSDT,HBARUSDT,0.33344451185123974
LINKUSDT,AVAXUSDT,0.3341351685310007
ADAUSDT,ATOMUSDT,0.337446639631564
VETUSDT,FLOKIUSDT,0.33759945514417333
MANAUSDT,IMXUSDT,0.3383969694867889
RVNUSDT,IMXUSDT,0.33890776181743354
XRPUSDT,ATOMUSDT,0.3395586461611527
LINKUSDT,ZILUSDT,0.33998101956753624
GALAUSDT,HBARUSDT,0.3405424963185416
LINKUSDT,MANAUSDT,0.34060371279370716
EGLDUSDT,NMRUSDT,0.3413207342067983
ETHUSDT,DOGEUSDT,0.3420732484764818
XLMUSDT,BCHUSDT,0.3433251686160896
UNIUSDT,NMRUSDT,0.34345816726919
LINKUSDT,RVNUSDT,0.34379712530783524
RVNUSDT,NMRUSDT,0.3439585076894849
XRPUSDT,NEARUSDT,0.34412601519685804
DOGEUSDT,UNIUSDT,0.3444150722023057
LINKUSDT,ATOMUSDT,0.3452886787149882
DOTUSDT,ZRXUSDT,0.3456407584088149
ZILUSDT,SANDUSDT,0.3460726003775437
VETUSDT,SANDUSDT,0.34610334162215417
LINKUSDT,NEARUSDT,0.3461701752882835
LTCUSDT,VTHOUSDT,0.3466616215168427
VTHOUSDT,ROSEUSDT,0.3468326894538752
LTCUSDT,FLOKIUSDT,0.34746659776414396
FLOKIUSDT,STORJUSDT,0.3475052804256269
XRPUSDT,ALGOUSDT,0.3479830521919758
SOLUSDT,SANDUSDT,0.3481463398636039
ATOMUSDT,APEUSDT,0.3482852273796352
DOGEUSDT,LTCUSDT,0.348371820979709
XLMUSDT,ZILUSDT,0.34883061126302073
ROSEUSDT,FILUSDT,0.34947631972924065
SOLUSDT,GRTUSDT,0.35179062843781006
VETUSDT,DOTUSDT,0.35287755173347235
OPUSDT,MANAUSDT,0.3533304895616031
FETUSDT,POLYXUSDT,0.3540693730928366
ONEUSDT,UNIUSDT,0.3541264195415076
XLMUSDT,VTHOUSDT,0.35437499363801495
DOGEUSDT,FILUSDT,0.35473639771441257
WAXPUSDT,FILUSDT,0.3548593517977568
YFIUSDT,RVNUSDT,0.3556558609492222
YFIUSDT,LDOUSDT,0.3571732299391206
WAXPUSDT,STORJUSDT,0.3579629872693252
EGLDUSDT,FILUSDT,0.3587065646040589
IOTAUSDT,APEUSDT,0.3588410038602786
LINKUSDT,NMRUSDT,0.3598898681753223
XRPUSDT,NMRUSDT,0.3601698833609004
LINKUSDT,HBARUSDT,0.36017238143392644
LINKUSDT,YFIUSDT,0.3612138892629753
THETAUSDT,ZILUSDT,0.3614818842836083
IOTAUSDT,NEOUSDT,0.36181033375041827
USDCUSDT,FILUSDT,0.363867888926693
XLMUSDT,ALGOUSDT,0.3650734468718415
AAVEUSDT,YFIUSDT,0.36562247844866846
RVNUSDT,NEOUSDT,0.3658742859679689
LINKUSDT,VETUSDT,0.3666688806982653
YFIUSDT,MANAUSDT,0.36670441647624796
LINKUSDT,DOGEUSDT,0.36757028321845964
XRPUSDT,IOTAUSDT,0.3677218396446351
DOGEUSDT,GALAUSDT,0.3682101906569125
DOGEUSDT,VETUSDT,0.36967985113346624
ADAUSDT,FETUSDT,0.369873166129823
IOTAUSDT,SANDUSDT,0.371067800145392
DOTUSDT,AAVEUSDT,0.37226132902486825
VETUSDT,IMXUSDT,0.3725064718919879
AVAXUSDT,BCHUSDT,0.37363683143982795
LINKUSDT,ALGOUSDT,0.37401217861296376
XRPUSDT,DOTUSDT,0.3765813336245806
LINKUSDT,THETAUSDT,0.3781041134307402
LINKUSDT,SANDUSDT,0.3782162159069307
LINKUSDT,USDCUSDT,0.3799156417654849
XRPUSDT,AAVEUSDT,0.38013545523638653
DOGEUSDT,IMXUSDT,0.3803626869475601
ATOMUSDT,SUSHIUSDT,0.38061326461574085
LTCUSDT,BCHUSDT,0.38118879572376085
LINKUSDT,SHIBUSDT,0.3813276739977456
VTHOUSDT,GRTUSDT,0.382007733242863
LTCUSDT,IMXUSDT,0.3820172085650122
HBARUSDT,SANDUSDT,0.38232363899100524
LINKUSDT,OPUSDT,0.38351034818546925
SHIBUSDT,FILUSDT,0.3835744262256345
LINKUSDT,ROSEUSDT,0.38502509419804487
LINKUSDT,DOTUSDT,0.3853304635379866
LINKUSDT,EGLDUSDT,0.3857025394501069
LINKUSDT,XLMUSDT,0.3857087590654178
DOTUSDT,ROSEUSDT,0.38631504133857153
LINKUSDT,ZRXUSDT,0.3871522696721016
DOGEUSDT,ACHUSDT,0.3874965741054086
ETHUSDT,ADAUSDT,0.38776246810398823
HBARUSDT,WAXPUSDT,0.38782718465454574
DOTUSDT,HBARUSDT,0.3887774461272395
HBARUSDT,FLOKIUSDT,0.38901173075748585
VTHOUSDT,SUSHIUSDT,0.3891727102855388
ADAUSDT,IOTAUSDT,0.38969058019139896
ALGOUSDT,ROSEUSDT,0.3898139503597334
XRPUSDT,FILUSDT,0.39010076736225746
ETHUSDT,WAXPUSDT,0.39049936188977563
AAVEUSDT,IMXUSDT,0.3910702709902212
GALAUSDT,FILUSDT,0.3925974789879645
LINKUSDT,BNBUSDT,0.3937898225175871
VTHOUSDT,AAVEUSDT,0.3938256102882214
DOGEUSDT,VTHOUSDT,0.394013726411456
SOLUSDT,EGLDUSDT,0.3948436577027921
GRTUSDT,FILUSDT,0.3955056818884839
XLMUSDT,IMXUSDT,0.3959428157100973
FETUSDT,FLOKIUSDT,0.3974109930783647
XRPUSDT,ONEUSDT,0.3978069618668979
YFIUSDT,ACHUSDT,0.3979139137003101
ATOMUSDT,YFIUSDT,0.3981113928327795
LINKUSDT,BCHUSDT,0.39968124433962426
FETUSDT,HBARUSDT,0.40010747535040136
DOGEUSDT,NEOUSDT,0.40015760844669135
MANAUSDT,POLYXUSDT,0.4006309662301115
FLOKIUSDT,SANDUSDT,0.4008822625335987
XRPUSDT,SHIBUSDT,0.4014742438894696
DOTUSDT,VTHOUSDT,0.40163805463037383
ONEUSDT,NEOUSDT,0.40373499450136247
VTHOUSDT,ZILUSDT,0.4038076094423982
ALGOUSDT,AAVEUSDT,0.4039552304119033
LINKUSDT,FILUSDT,0.40458845246960995
AAVEUSDT,POLYXUSDT,0.4049464511787578
LINKUSDT,GRTUSDT,0.4058331553160349
DOTUSDT,POLYXUSDT,0.4063459700030764
VETUSDT,AAVEUSDT,0.40732551536497125
ACHUSDT,IOTAUSDT,0.40739220195842746
AVAXUSDT,LTCUSDT,0.40904250705670064
AAVEUSDT,WAXPUSDT,0.4091543826674395
LINKUSDT,UNIUSDT,0.4093897017782973
XLMUSDT,ZRXUSDT,0.40966283985652285
XRPUSDT,SANDUSDT,0.4101189740566674
LTCUSDT,HBARUSDT,0.4104377214157954
ETHUSDT,SHIBUSDT,0.4109912452671616
ONEUSDT,LDOUSDT,0.41204717438857663
YFIUSDT,SUSHIUSDT,0.41206709545936154
VTHOUSDT,THETAUSDT,0.4123669203239821
ATOMUSDT,IOTAUSDT,0.4127508238990604
ADAUSDT,THETAUSDT,0.4129331601067014
ADAUSDT,LDOUSDT,0.4130242459457485
AAVEUSDT,FLOKIUSDT,0.41345754747145225
BNBUSDT,EGLDUSDT,0.4136369940695806
ADAUSDT,FLOKIUSDT,0.4136825861078894
LTCUSDT,NMRUSDT,0.4138673494935136
XRPUSDT,LDOUSDT,0.4146621123891169
ADAUSDT,YFIUSDT,0.41468861971309845
BTCUSDT,DOGEUSDT,0.4147071887645629
XLMUSDT,HBARUSDT,0.4150983895102374
ETHUSDT,FLOKIUSDT,0.4158855900729876
LINKUSDT,NEOUSDT,0.41656624525907027
XRPUSDT,NEOUSDT,0.4175582712652687
ZILUSDT,ZRXUSDT,0.41912899625553524
DOTUSDT,THETAUSDT,0.4193154387088165
FLOKIUSDT,THETAUSDT,0.4197078342357946
UNIUSDT,THETAUSDT,0.4200031524005003
AVAXUSDT,HBARUSDT,0.42103514342418413
ACHUSDT,POLYXUSDT,0.4213475816034643
HBARUSDT,ROSEUSDT,0.4214005772971
OPUSDT,NMRUSDT,0.42286630268697717
LINKUSDT,WAXPUSDT,0.4229150259597099
ATOMUSDT,AAVEUSDT,0.42407130094236545
ADAUSDT,ACHUSDT,0.4264332336677451
SANDUSDT,IMXUSDT,0.4270260364290521
XLMUSDT,RVNUSDT,0.4274144540852426
LTCUSDT,ZRXUSDT,0.42928637450603613
AVAXUSDT,AAVEUSDT,0.43078815296898143
VTHOUSDT,APEUSDT,0.43117027903141325
ADAUSDT,LTCUSDT,0.4330846948277771
LTCUSDT,OPUSDT,0.43470876240645406
XLMUSDT,POLYXUSDT,0.43475246442464144
LTCUSDT,EGLDUSDT,0.43496920786836274
LTCUSDT,ROSEUSDT,0.4350198951520846
XRPUSDT,UNIUSDT,0.43527764070408154
ADAUSDT,USDCUSDT,0.4355579209341091
BCHUSDT,FILUSDT,0.4359849950432706
ADAUSDT,BCHUSDT,0.43630539025216325
LTCUSDT,THETAUSDT,0.4369858754574477
WAXPUSDT,ACHUSDT,0.43704422574644297
LTCUSDT,NEARUSDT,0.4375495798937684
DOGEUSDT,ONEUSDT,0.43759347024319056
ALGOUSDT,FLOKIUSDT,0.43894077236950424
ONEUSDT,AAVEUSDT,0.4402689423338037
LTCUSDT,ATOMUSDT,0.4407753857583721
ACHUSDT,IMXUSDT,0.4420657535556064
MANAUSDT,NMRUSDT,0.442232303863939
ADAUSDT,XRPUSDT,0.44268935752790894
FETUSDT,NEOUSDT,0.44369222895331123
VETUSDT,SHIBUSDT,0.44431979465798094
LTCUSDT,DOTUSDT,0.4448715315965772
VTHOUSDT,OPUSDT,0.4457918528834553
ADAUSDT,UNIUSDT,0.4468307466183851
LTCUSDT,ONEUSDT,0.44824697668578123
LTCUSDT,RVNUSDT,0.44836293377401837
FLOKIUSDT,SUSHIUSDT,0.4485134254480849
AVAXUSDT,ALGOUSDT,0.44883346639655464
YFIUSDT,IOTAUSDT,0.44914111960231423
ADAUSDT,ROSEUSDT,0.4500554285591395
LTCUSDT,NEOUSDT,0.45040152378538256
FLOKIUSDT,UNIUSDT,0.4511522488087834
AVAXUSDT,ACHUSDT,0.45221991374007964
DOGEUSDT,EGLDUSDT,0.4530104670810303
VETUSDT,VTHOUSDT,0.45317652160338345
AVAXUSDT,SUSHIUSDT,0.45438388952094283
XRPUSDT,THETAUSDT,0.4544511674603932
ALGOUSDT,MANAUSDT,0.4546748580855183
FETUSDT,EGLDUSDT,0.4550961440870531
LTCUSDT,ALGOUSDT,0.4552357261976136
GRTUSDT,LDOUSDT,0.45559791073937816
VETUSDT,ROSEUSDT,0.45721749111945065
DOGEUSDT,HBARUSDT,0.45807281492597907
ALGOUSDT,LDOUSDT,0.4581928081024115
VTHOUSDT,FILUSDT,0.45881392992609854
LINKUSDT,APEUSDT,0.45895706313509704
VETUSDT,YFIUSDT,0.45916835916468834
AAVEUSDT,IOTAUSDT,0.4598935641310501
ALGOUSDT,THETAUSDT,0.462062060459399
ACHUSDT,ZRXUSDT,0.4627793977640071
LTCUSDT,SANDUSDT,0.4651460540715368
GALAUSDT,FLOKIUSDT,0.4663403984837448
XRPUSDT,GRTUSDT,0.46680407879099783
DOGEUSDT,ATOMUSDT,0.4672589055927788
BNBUSDT,THETAUSDT,0.46742890572058027
VTHOUSDT,UNIUSDT,0.46890755154826075
ACHUSDT,APEUSDT,0.4692240048393992
VTHOUSDT,NMRUSDT,0.4695754746256742
AVAXUSDT,LDOUSDT,0.46967250811984973
FETUSDT,SHIBUSDT,0.4727925472163927
BCHUSDT,THETAUSDT,0.47310627083977685
HBARUSDT,YFIUSDT,0.4736715692525304
FLOKIUSDT,IOTAUSDT,0.4743410700131464
EGLDUSDT,SUSHIUSDT,0.47491066912137003
SOLUSDT,DOTUSDT,0.4761333381547951
LTCUSDT,MANAUSDT,0.47625024490909734
BTCUSDT,SHIBUSDT,0.47793821620869786
DOTUSDT,LDOUSDT,0.4788548291949283
ZRXUSDT,MANAUSDT,0.4804568901418253
FLOKIUSDT,LDOUSDT,0.48069145546536496
AVAXUSDT,SHIBUSDT,0.48120051039224376
MANAUSDT,STORJUSDT,0.48218896419860197
DOGEUSDT,ZILUSDT,0.48273131422395565
XLMUSDT,WAXPUSDT,0.48384012456484043
XLMUSDT,FLOKIUSDT,0.48386316372245264
ATOMUSDT,SANDUSDT,0.4845669083332896
LTCUSDT,AAVEUSDT,0.4861809315501273
XRPUSDT,ZILUSDT,0.4866773703831618
FETUSDT,VETUSDT,0.4881378770704574
VETUSDT,OPUSDT,0.4887114909598221
FETUSDT,IMXUSDT,0.4908683187153044
NEARUSDT,ZILUSDT,0.49092538100944244
ALGOUSDT,GRTUSDT,0.49139179399077826
WAXPUSDT,APEUSDT,0.49245215892382976
VTHOUSDT,STORJUSDT,0.49453518362548765
BCHUSDT,NMRUSDT,0.49469441704857997
LTCUSDT,POLYXUSDT,0.4947873356692776
SOLUSDT,ZILUSDT,0.4954465159344144
ALGOUSDT,OPUSDT,0.49562027074126636
HBARUSDT,OPUSDT,0.4957946333982837
THETAUSDT,FILUSDT,0.4960047378675367
EGLDUSDT,APEUSDT,0.49646191156804653
LINKUSDT,LDOUSDT,0.4968672044640428
VTHOUSDT,ACHUSDT,0.49727401470539917
ADAUSDT,NEOUSDT,0.49744298690700656
VTHOUSDT,NEARUSDT,0.49779239572566725
ZRXUSDT,NMRUSDT,0.4980169099591883
ALGOUSDT,YFIUSDT,0.49891225502469627
SOLUSDT,FILUSDT,0.49930011863624574
UNIUSDT,OPUSDT,0.4999272256659978
FLOKIUSDT,GRTUSDT,0.5010445940353833
FETUSDT,YFIUSDT,0.5020662561109944
LTCUSDT,FILUSDT,0.5038725091338034
HBARUSDT,THETAUSDT,0.5040034272034274
AAVEUSDT,RVNUSDT,0.504544195572343
DOGEUSDT,DOTUSDT,0.5052605213102476
AAVEUSDT,SUSHIUSDT,0.5073992170353119
VTHOUSDT,BCHUSDT,0.5077887065222297
UNIUSDT,GRTUSDT,0.5078383619943464
DOTUSDT,IMXUSDT,0.5081809572920171
DOGEUSDT,ALGOUSDT,0.5087403134967989
BNBUSDT,NEOUSDT,0.5096812266899491
DOGEUSDT,BCHUSDT,0.5106334542134154
MANAUSDT,SANDUSDT,0.5108084367223742
ATOMUSDT,NEOUSDT,0.5109131220827177
USDCUSDT,BNBUSDT,0.5113837273617917
ADAUSDT,STORJUSDT,0.5156371501599412
BCHUSDT,SUSHIUSDT,0.5157755287013768
OPUSDT,ZILUSDT,0.5190282148130615
LTCUSDT,YFIUSDT,0.5201543934695555
DOGEUSDT,RVNUSDT,0.520455390746739
SOLUSDT,BNBUSDT,0.5207132429711723
ATOMUSDT,FLOKIUSDT,0.5211292321772661
EGLDUSDT,STORJUSDT,0.5212406621475908
MANAUSDT,IOTAUSDT,0.5218304780719478
DOGEUSDT,SANDUSDT,0.5225215184658547
AVAXUSDT,THETAUSDT,0.5228801316902063
AVAXUSDT,YFIUSDT,0.5245777568305118
SOLUSDT,SHIBUSDT,0.5253106715389204
ROSEUSDT,NMRUSDT,0.5257453796341894
HBARUSDT,LDOUSDT,0.5259788326157301
ALGOUSDT,UNIUSDT,0.5262780254113281
NEARUSDT,THETAUSDT,0.5266256425440068
XRPUSDT,WAXPUSDT,0.5279781793608935
MANAUSDT,SUSHIUSDT,0.5285504070162813
VETUSDT,GRTUSDT,0.5286658190823611
XLMUSDT,NEOUSDT,0.529597147299146
ACHUSDT,SANDUSDT,0.5295984501393466
GALAUSDT,SANDUSDT,0.5296151668905016
ACHUSDT,NEOUSDT,0.5305745954476561
LINKUSDT,AAVEUSDT,0.5308416529663744
ZILUSDT,POLYXUSDT,0.5320958393890932
XRPUSDT,BCHUSDT,0.5321552127777983
AAVEUSDT,STORJUSDT,0.5322356419537057
AAVEUSDT,APEUSDT,0.5336400984371548
ATOMUSDT,MANAUSDT,0.5339874596363512
POLYXUSDT,SUSHIUSDT,0.5347191820034253
ADAUSDT,NMRUSDT,0.5347448916019008
FLOKIUSDT,ZILUSDT,0.5347895323060724
ATOMUSDT,BCHUSDT,0.5350804185184956
FLOKIUSDT,APEUSDT,0.5351407860257857
ONEUSDT,NMRUSDT,0.5363079092727246
ADAUSDT,XLMUSDT,0.5367305077954617
ACHUSDT,RVNUSDT,0.536857848821704
YFIUSDT,APEUSDT,0.5373034346727414
VTHOUSDT,LDOUSDT,0.5377338674481825
VETUSDT,FILUSDT,0.5378125712419582
VETUSDT,THETAUSDT,0.5380099184109678
ATOMUSDT,LDOUSDT,0.5386820182251356
XRPUSDT,APEUSDT,0.5389865884578037
ATOMUSDT,DOTUSDT,0.5392497636297335
EGLDUSDT,ACHUSDT,0.5395615847833395
DOTUSDT,ZILUSDT,0.5399268731897543
ONEUSDT,MANAUSDT,0.5407166376521131
AAVEUSDT,ACHUSDT,0.5412334963141601
ALGOUSDT,NEARUSDT,0.5412739036083405
FLOKIUSDT,ACHUSDT,0.5415456435959761
DOGEUSDT,GRTUSDT,0.5422210765713816
NEARUSDT,AAVEUSDT,0.5427196520036607
BNBUSDT,AAVEUSDT,0.543585597800531
ACHUSDT,MANAUSDT,0.5440433670498978
ZILUSDT,NMRUSDT,0.544538719735135
ADAUSDT,VETUSDT,0.5446236130198849
WAXPUSDT,RVNUSDT,0.5473071968022353
ACHUSDT,NMRUSDT,0.5473395194070076
ONEUSDT,ROSEUSDT,0.5498293352107592
ZRXUSDT,STORJUSDT,0.5498909133651704
ATOMUSDT,OPUSDT,0.5515053110543942
DOTUSDT,ONEUSDT,0.5520058921301867
DOTUSDT,UNIUSDT,0.5521542544505816
ADAUSDT,APEUSDT,0.5522783515208461
XLMUSDT,YFIUSDT,0.5541295036047613
DOTUSDT,NEARUSDT,0.5546710680440251
ATOMUSDT,STORJUSDT,0.5557497993325372
BCHUSDT,GRTUSDT,0.5560906333492264
LTCUSDT,ZILUSDT,0.5567250960661995
ZILUSDT,STORJUSDT,0.5569403646365321
FILUSDT,NEOUSDT,0.5574039543853598
BCHUSDT,ROSEUSDT,0.5577083561094152
AVAXUSDT,UNIUSDT,0.5580979149328739
THETAUSDT,NMRUSDT,0.5600109962408367
LTCUSDT,WAXPUSDT,0.5602500884789647
DOGEUSDT,MANAUSDT,0.5610682029378029
VTHOUSDT,IOTAUSDT,0.5611841725750943
FETUSDT,ALGOUSDT,0.5617136576197085
LTCUSDT,GRTUSDT,0.5618209127234313
SOLUSDT,THETAUSDT,0.563055130303481
LTCUSDT,UNIUSDT,0.5635633992127289
AVAXUSDT,IOTAUSDT,0.5665683808583688
BNBUSDT,UNIUSDT,0.5667412649894947
RVNUSDT,FILUSDT,0.5677526800569738
ADAUSDT,BNBUSDT,0.5696373551330807
POLYXUSDT,NMRUSDT,0.5725838120526164
ALGOUSDT,NMRUSDT,0.5736876262640948
BCHUSDT,OPUSDT,0.5747077040582623
NEOUSDT,SUSHIUSDT,0.5762322870112674
LDOUSDT,NMRUSDT,0.5764933715228491
ADAUSDT,SANDUSDT,0.5767174601277499
ZILUSDT,IMXUSDT,0.5776829541593795
FLOKIUSDT,WAXPUSDT,0.5814955876420873
RVNUSDT,SANDUSDT,0.5816694061987138
ATOMUSDT,ROSEUSDT,0.5821168945468063
XRPUSDT,MANAUSDT,0.5822577810327003
HBARUSDT,FILUSDT,0.582744293113218
EGLDUSDT,IOTAUSDT,0.5829632455123368
MANAUSDT,FILUSDT,0.5842273957197587
ADAUSDT,MANAUSDT,0.5856518324122872
AVAXUSDT,EGLDUSDT,0.5858842728608409
BCHUSDT,AAVEUSDT,0.5869996596146836
VETUSDT,LDOUSDT,0.5878848892960132
ALGOUSDT,FILUSDT,0.5887489613131989
SOLUSDT,WAXPUSDT,0.589031727693546
DOTUSDT,YFIUSDT,0.5913693025749932
ATOMUSDT,ACHUSDT,0.5947461906450727
HBARUSDT,GRTUSDT,0.5961103417933196
HBARUSDT,UNIUSDT,0.5962038370504485
VTHOUSDT,RVNUSDT,0.5962770363250398
AVAXUSDT,APEUSDT,0.5963696026983187
ATOMUSDT,ZILUSDT,0.5985369121121499
DOTUSDT,FILUSDT,0.6002652376573895
GRTUSDT,ZRXUSDT,0.6005945702373854
ZILUSDT,IOTAUSDT,0.60100460017083
ONEUSDT,EGLDUSDT,0.6011131106566807
DOGEUSDT,XLMUSDT,0.6018646253455782
ATOMUSDT,GRTUSDT,0.602187828046064
VETUSDT,MANAUSDT,0.6024357678082148
BCHUSDT,SANDUSDT,0.603772190477124
BCHUSDT,NEARUSDT,0.6040064705302098
AVAXUSDT,VETUSDT,0.6050865196482784
FETUSDT,WAXPUSDT,0.6060473152739785
ADAUSDT,GRTUSDT,0.6064563073147837
DOGEUSDT,WAXPUSDT,0.6069338548465105
HBARUSDT,MANAUSDT,0.6077485314517088
ADAUSDT,NEARUSDT,0.6078337030679939
ONEUSDT,SANDUSDT,0.6078426097922301
SHIBUSDT,RVNUSDT,0.6078684510613583
ONEUSDT,NEARUSDT,0.6093537308147163
ACHUSDT,FILUSDT,0.6097553785848457
ZRXUSDT,SUSHIUSDT,0.6113099019794292
SOLUSDT,AAVEUSDT,0.6124111520394037
FETUSDT,SANDUSDT,0.6124321968231917
ZILUSDT,SUSHIUSDT,0.6124643844049357
FLOKIUSDT,MANAUSDT,0.612737708128053
ADAUSDT,OPUSDT,0.614732213783398
THETAUSDT,ZRXUSDT,0.6150359330873314
SOLUSDT,ONEUSDT,0.6151736721364718
BNBUSDT,ONEUSDT,0.6175922886996071
THETAUSDT,SANDUSDT,0.6176406599111104
ALGOUSDT,ZILUSDT,0.6176680143696127
DOTUSDT,FLOKIUSDT,0.6186398955108342
SOLUSDT,MANAUSDT,0.6188612985313547
SOLUSDT,ZRXUSDT,0.6191061797727521
AVAXUSDT,XLMUSDT,0.6204674043437362
USDCUSDT,ROSEUSDT,0.6206586966123734
LTCUSDT,APEUSDT,0.6235179579677124
NEARUSDT,FILUSDT,0.6236259000497671
ADAUSDT,SHIBUSDT,0.6242110769973064
AVAXUSDT,ROSEUSDT,0.6274192192480761
ADAUSDT,ONEUSDT,0.6276946647410708
ZRXUSDT,LDOUSDT,0.6277584881117138
AVAXUSDT,MANAUSDT,0.6280228703378044
BCHUSDT,ACHUSDT,0.6289822053172089
HBARUSDT,NEARUSDT,0.6299845067059195
VETUSDT,ONEUSDT,0.6314100757433168
BNBUSDT,GRTUSDT,0.631445463382155
AVAXUSDT,STORJUSDT,0.6322606511325712
ALGOUSDT,SUSHIUSDT,0.6326109179202919
FETUSDT,DOTUSDT,0.6327765160012082
SOLUSDT,HBARUSDT,0.6329893723961411
VETUSDT,UNIUSDT,0.6347647516002474
LDOUSDT,FILUSDT,0.6354274485170595
ONEUSDT,FILUSDT,0.6356468702900634
ZRXUSDT,RVNUSDT,0.6366203010826945
DOTUSDT,NMRUSDT,0.6367445259965461
FETUSDT,FILUSDT,0.6369160959695294
NEARUSDT,LDOUSDT,0.6376054090705938
MANAUSDT,RVNUSDT,0.6398634837419457
ATOMUSDT,NEARUSDT,0.6421775525718937
HBARUSDT,ONEUSDT,0.6428880113448108
USDCUSDT,AAVEUSDT,0.6444346597035362
ATOMUSDT,THETAUSDT,0.6462442141725535
ATOMUSDT,UNIUSDT,0.6487128193725125
ADAUSDT,ZILUSDT,0.6496240907677429
ATOMUSDT,XLMUSDT,0.6505705810657384
ADAUSDT,HBARUSDT,0.6508475127595692
ATOMUSDT,ONEUSDT,0.6508736778527071
BCHUSDT,IMXUSDT,0.6513203961092827
UNIUSDT,FILUSDT,0.6533312337143269
ATOMUSDT,NMRUSDT,0.6545332603035807
FETUSDT,ATOMUSDT,0.6547203217506634
BCHUSDT,EGLDUSDT,0.6576115200225874
ADAUSDT,FILUSDT,0.6578043148721515
BNBUSDT,MANAUSDT,0.6582709020425301
HBARUSDT,SUSHIUSDT,0.6617851903877996
GRTUSDT,POLYXUSDT,0.6646178988595719
HBARUSDT,BCHUSDT,0.6651072564159216
VETUSDT,NEARUSDT,0.6653560825322398
BNBUSDT,DOTUSDT,0.6680381510006993
ROSEUSDT,SANDUSDT,0.6697854779107705
ROSEUSDT,THETAUSDT,0.6699722471633807
FETUSDT,AAVEUSDT,0.6701852313030565
SOLUSDT,ALGOUSDT,0.6705022691286909
AVAXUSDT,ZILUSDT,0.675948156238245
NEARUSDT,ZRXUSDT,0.6765656953299333
BCHUSDT,ALGOUSDT,0.676706597395828
GRTUSDT,IMXUSDT,0.6770479433053118
BCHUSDT,MANAUSDT,0.6787551467374303
ZRXUSDT,APEUSDT,0.6835044851388021
ROSEUSDT,EGLDUSDT,0.6847578098677958
THETAUSDT,STORJUSDT,0.685828124405115
VETUSDT,NMRUSDT,0.6866899013693704
ZILUSDT,FILUSDT,0.6870563250151761
ALGOUSDT,ACHUSDT,0.6875443773295368
VETUSDT,ZILUSDT,0.6885384587743761
ALGOUSDT,IOTAUSDT,0.6889454122634135
DOTUSDT,XLMUSDT,0.6899123189088664
HBARUSDT,ACHUSDT,0.6904224621110364
ADAUSDT,ALGOUSDT,0.6917425122732795
GRTUSDT,YFIUSDT,0.6935740224812762
USDCUSDT,OPUSDT,0.6938679844915734
VETUSDT,XLMUSDT,0.6956909540411904
ATOMUSDT,RVNUSDT,0.6959296686396278
ALGOUSDT,STORJUSDT,0.6992487520691666
BCHUSDT,ZILUSDT,0.7003747580132994
ZRXUSDT,IOTAUSDT,0.7005553284203816
VETUSDT,LTCUSDT,0.700744406252028
USDCUSDT,NEOUSDT,0.7008302027451234
FILUSDT,SANDUSDT,0.7009972023169431
SOLUSDT,VTHOUSDT,0.7032680770476029
HBARUSDT,NMRUSDT,0.704811250586758
ZILUSDT,APEUSDT,0.7063930630968032
HBARUSDT,ZILUSDT,0.7067535457368656
FETUSDT,NEARUSDT,0.7068576107512533
BCHUSDT,NEOUSDT,0.7079594974264459
VETUSDT,ATOMUSDT,0.7097864876968643
LDOUSDT,STORJUSDT,0.7099764516440348
NEARUSDT,NMRUSDT,0.7105688750266683
NEARUSDT,UNIUSDT,0.7107812058038354
SUSHIUSDT,IMXUSDT,0.7121739634748874
UNIUSDT,SANDUSDT,0.7122170925954
OPUSDT,LDOUSDT,0.7158676799706352
AVAXUSDT,GRTUSDT,0.7174314024712443
ONEUSDT,ZRXUSDT,0.7175328738817266
AVAXUSDT,NMRUSDT,0.7181811170840405
BCHUSDT,ZRXUSDT,0.7198163882856741
BNBUSDT,NEARUSDT,0.7209062385179411
ROSEUSDT,GRTUSDT,0.7230506173428076
LDOUSDT,SANDUSDT,0.7260897354734559
VETUSDT,BCHUSDT,0.7267932008093192
THETAUSDT,NEOUSDT,0.7282733254841891
ADAUSDT,DOTUSDT,0.728856763431995
STORJUSDT,IOTAUSDT,0.7292619186683388
UNIUSDT,ROSEUSDT,0.729985420504088
SANDUSDT,SUSHIUSDT,0.7309908117354207
BNBUSDT,LDOUSDT,0.7346423663643987
NEARUSDT,EGLDUSDT,0.7356136715970567
DOTUSDT,BCHUSDT,0.7363386695137808
HBARUSDT,IOTAUSDT,0.7367200406799022
BCHUSDT,WAXPUSDT,0.738114333172168
POLYXUSDT,APEUSDT,0.7381666654284573
FETUSDT,LTCUSDT,0.7396157416938243
NEARUSDT,SANDUSDT,0.7397203807214707
NEARUSDT,MANAUSDT,0.7405683010733366
FETUSDT,OPUSDT,0.7416412174292957
FETUSDT,MANAUSDT,0.7418365320245226
BCHUSDT,YFIUSDT,0.7433254633196968
FETUSDT,ONEUSDT,0.7445044089828754
AVAXUSDT,DOGEUSDT,0.7465531274013346
DOTUSDT,SUSHIUSDT,0.74759795455338
XLMUSDT,APEUSDT,0.7477090292321091
GRTUSDT,STORJUSDT,0.7497598798909035
AVAXUSDT,DOTUSDT,0.7518143755745321
ONEUSDT,WAXPUSDT,0.755169475628048
ALGOUSDT,APEUSDT,0.7556784185979837
ONEUSDT,ALGOUSDT,0.756151199388081
USDCUSDT,NEARUSDT,0.7565940865305929
VETUSDT,ACHUSDT,0.757831289283366
BCHUSDT,POLYXUSDT,0.7578592263756525
VETUSDT,SUSHIUSDT,0.7581567694916929
ADAUSDT,GALAUSDT,0.7582334411291687
THETAUSDT,IMXUSDT,0.7582550727400688
AVAXUSDT,SANDUSDT,0.7590012644016004
NEARUSDT,FLOKIUSDT,0.7599092167853867
LDOUSDT,MANAUSDT,0.7619009572902316
ZILUSDT,ACHUSDT,0.7644189112770176
DOTUSDT,STORJUSDT,0.7674106101705083
AVAXUSDT,ONEUSDT,0.7689584194242822
SOLUSDT,POLYXUSDT,0.7712037381168331
NEARUSDT,YFIUSDT,0.7727821001096649
ONEUSDT,YFIUSDT,0.7741973072561483
SOLUSDT,LDOUSDT,0.7745022762494782
ONEUSDT,POLYXUSDT,0.7765297571841178
USDCUSDT,BCHUSDT,0.7769917614003137
HBARUSDT,STORJUSDT,0.7787267353377103
SOLUSDT,NMRUSDT,0.7798932331789696
DOGEUSDT,SHIBUSDT,0.7801069278653568
THETAUSDT,MANAUSDT,0.7803539634828147
SOLUSDT,FLOKIUSDT,0.7807060769872836
HBARUSDT,APEUSDT,0.7828636968675524
IOTAUSDT,POLYXUSDT,0.7829542767003634
FLOKIUSDT,RVNUSDT,0.7860280235490886
ONEUSDT,BCHUSDT,0.7861981306241732
BCHUSDT,APEUSDT,0.7869355616310552
THETAUSDT,IOTAUSDT,0.7875182962981392
BCHUSDT,FLOKIUSDT,0.7878927658867116
GRTUSDT,SUSHIUSDT,0.7879917600694094
UNIUSDT,EGLDUSDT,0.788589589017938
ONEUSDT,VTHOUSDT,0.7890721478073974
STORJUSDT,POLYXUSDT,0.7891325124588568
DOTUSDT,IOTAUSDT,0.7892338672806287
MANAUSDT,APEUSDT,0.7901135763807348
SOLUSDT,YFIUSDT,0.7905336800221421
ADAUSDT,DOGEUSDT,0.7906520937442231
FETUSDT,NMRUSDT,0.7909982978473464
GRTUSDT,IOTAUSDT,0.7922393283981595
AVAXUSDT,GALAUSDT,0.793903570945855
FETUSDT,ZILUSDT,0.794546716586148
VETUSDT,APEUSDT,0.7955793461910782
DOTUSDT,ACHUSDT,0.7956715343634855
EGLDUSDT,RVNUSDT,0.7972819890445839
USDCUSDT,VETUSDT,0.7975149078751321
USDCUSDT,UNIUSDT,0.800096638405823
SOLUSDT,UNIUSDT,0.8001661471208317
GRTUSDT,ACHUSDT,0.8010023944896294
THETAUSDT,POLYXUSDT,0.8019933978393443
NEARUSDT,WAXPUSDT,0.8029720167352759
AVAXUSDT,RVNUSDT,0.8031709885307894
AVAXUSDT,NEARUSDT,0.8034312065359692
DOTUSDT,APEUSDT,0.8074876168059724
ROSEUSDT,ZRXUSDT,0.8076062193430484
UNIUSDT,NEOUSDT,0.8089260065320312
ONEUSDT,STORJUSDT,0.8090323028604414
FETUSDT,ROSEUSDT,0.8130069303555907
BNBUSDT,ZRXUSDT,0.8139356016031867
SOLUSDT,FETUSDT,0.8144592239757712
VETUSDT,IOTAUSDT,0.8147688108494248
AVAXUSDT,OPUSDT,0.8157060182216496
NEARUSDT,POLYXUSDT,0.8175172004581602
BCHUSDT,RVNUSDT,0.8175578421641495
FILUSDT,POLYXUSDT,0.8198322269240514
LDOUSDT,IOTAUSDT,0.8218923639907464
LDOUSDT,SUSHIUSDT,0.823040242507473
ATOMUSDT,FILUSDT,0.8235545172326733
VETUSDT,STORJUSDT,0.8253122060332905
OPUSDT,POLYXUSDT,0.8269685343683227
BNBUSDT,YFIUSDT,0.8274954593906991
LDOUSDT,NEOUSDT,0.8343633889123365
OPUSDT,ZRXUSDT,0.8352927963519187
FETUSDT,THETAUSDT,0.8362325945841638
FETUSDT,UNIUSDT,0.8367155232401298
FETUSDT,SUSHIUSDT,0.8373549567536664
USDCUSDT,SANDUSDT,0.8395901465552595
ONEUSDT,FLOKIUSDT,0.8413044695236953
USDCUSDT,FLOKIUSDT,0.8429795659106005
FETUSDT,GRTUSDT,0.8442378217688336
ROSEUSDT,YFIUSDT,0.8455024547016039
SOLUSDT,XLMUSDT,0.8466957784236412
USDCUSDT,HBARUSDT,0.8468756930746469
FETUSDT,IOTAUSDT,0.847295154255175
FETUSDT,BCHUSDT,0.8490487657236673
AVAXUSDT,FILUSDT,0.8504883561385627
BNBUSDT,POLYXUSDT,0.8505581115318819
USDCUSDT,YFIUSDT,0.8505734943470813
FETUSDT,LDOUSDT,0.8510236126397717
ROSEUSDT,ZILUSDT,0.8525024976418782
USDCUSDT,ONEUSDT,0.8529761887517724
ADAUSDT,RVNUSDT,0.8546082646710143
ZILUSDT,RVNUSDT,0.8552113441631194
ONEUSDT,IMXUSDT,0.8560910255103267
USDCUSDT,DOTUSDT,0.8563886351566219
USDCUSDT,THETAUSDT,0.8588341157162405
UNIUSDT,STORJUSDT,0.8594910200454747
FETUSDT,ACHUSDT,0.85974816729832
USDCUSDT,FETUSDT,0.859807902136291
UNIUSDT,MANAUSDT,0.8602215455667406
STORJUSDT,NMRUSDT,0.8618030287869141
STORJUSDT,APEUSDT,0.862006057114473
FETUSDT,XLMUSDT,0.862387586853768
USDCUSDT,DOGEUSDT,0.8629240773677855
BNBUSDT,ZILUSDT,0.8629369681236787
ONEUSDT,SUSHIUSDT,0.8643139204720134
THETAUSDT,SUSHIUSDT,0.8648361038216048
USDCUSDT,LDOUSDT,0.8649475921479504
NMRUSDT,SANDUSDT,0.8649639564762012
SOLUSDT,IMXUSDT,0.8668402317428128
FETUSDT,GALAUSDT,0.8672366446919767
ONEUSDT,IOTAUSDT,0.8681564449671787
STORJUSDT,RVNUSDT,0.8684499585198131
FETUSDT,APEUSDT,0.8690070453091008
STORJUSDT,SANDUSDT,0.8692246073910932
USDCUSDT,POLYXUSDT,0.8692625401357128
BNBUSDT,ALGOUSDT,0.8716718465360536
UNIUSDT,ZRXUSDT,0.8725688005453858
USDCUSDT,GRTUSDT,0.8731229276979577
STORJUSDT,IMXUSDT,0.8731255866601468
XRPUSDT,XLMUSDT,0.8769517478318899
BNBUSDT,FLOKIUSDT,0.8769834774780418
USDCUSDT,ALGOUSDT,0.8772971780746933
ROSEUSDT,LDOUSDT,0.8778557362934316
BNBUSDT,WAXPUSDT,0.8784881889880531
FETUSDT,RVNUSDT,0.8789097184577791
USDCUSDT,SHIBUSDT,0.8791797244343953
BNBUSDT,XLMUSDT,0.8819182509643861
USDCUSDT,EGLDUSDT,0.881939535312423
UNIUSDT,ZILUSDT,0.8820793160157844
ALGOUSDT,RVNUSDT,0.8829860440610883
USDCUSDT,APEUSDT,0.8845471210295823
USDCUSDT,IOTAUSDT,0.8848620421334529
USDCUSDT,ZRXUSDT,0.8857936888176714
USDCUSDT,VTHOUSDT,0.8878328217981157
ONEUSDT,ACHUSDT,0.8929883726639676
USDCUSDT,IMXUSDT,0.8942654000690848
UNIUSDT,YFIUSDT,0.8953884981957261
SOLUSDT,BCHUSDT,0.895611366403791
SOLUSDT,ATOMUSDT,0.8962279274780414
THETAUSDT,ACHUSDT,0.8965377623931399
VETUSDT,GALAUSDT,0.8976769491660359
GRTUSDT,RVNUSDT,0.9006233033775188
NMRUSDT,NEOUSDT,0.9040000401202684
STORJUSDT,FILUSDT,0.9062372326479418
LDOUSDT,IMXUSDT,0.9071132979951542
SOLUSDT,ADAUSDT,0.9072787757134492
UNIUSDT,IOTAUSDT,0.90763850677198
USDCUSDT,ZILUSDT,0.9115096308361823
GRTUSDT,APEUSDT,0.9140911151241073
FILUSDT,IMXUSDT,0.9143061973530626
NEARUSDT,IMXUSDT,0.9153765076532059
BNBUSDT,HBARUSDT,0.9158362887064476
ROSEUSDT,POLYXUSDT,0.9159166642596153
STORJUSDT,NEOUSDT,0.9163927768763689
USDCUSDT,MANAUSDT,0.9170069937247338
ROSEUSDT,MANAUSDT,0.9176394378209329
USDCUSDT,XLMUSDT,0.9184782244141572
LDOUSDT,RVNUSDT,0.9196144264079127
USDCUSDT,AVAXUSDT,0.9197564831497139
BNBUSDT,SHIBUSDT,0.9198912103304371
UNIUSDT,IMXUSDT,0.9205519335014736
USDCUSDT,XRPUSDT,0.9214657558418207
BNBUSDT,VETUSDT,0.9215274954032286
BNBUSDT,VTHOUSDT,0.9228121825724827
SOLUSDT,AVAXUSDT,0.9229702897341026
UNIUSDT,POLYXUSDT,0.923909631153032
SOLUSDT,GALAUSDT,0.9240573106106029
THETAUSDT,RVNUSDT,0.9252393116673917
NEARUSDT,STORJUSDT,0.9253956885287663
NEARUSDT,SUSHIUSDT,0.9268470647617322
ONEUSDT,APEUSDT,0.9281694662209885
SOLUSDT,USDCUSDT,0.9281831048226037
DOTUSDT,RVNUSDT,0.930063778373343
NEARUSDT,IOTAUSDT,0.9337456237868902
USDCUSDT,WAXPUSDT,0.9342133443354586
FETUSDT,STORJUSDT,0.9348807997535621
USDCUSDT,ATOMUSDT,0.9383316861475438
SOLUSDT,DOGEUSDT,0.938422344995848
USDCUSDT,ACHUSDT,0.9391326713731745
USDCUSDT,GALAUSDT,0.9399843091015928
USDCUSDT,RVNUSDT,0.9402028976997956
USDCUSDT,LTCUSDT,0.9406048375814561
SOLUSDT,LINKUSDT,0.9412010242112866
SOLUSDT,SUSHIUSDT,0.9425177616152598
HBARUSDT,RVNUSDT,0.9436715384698708
SOLUSDT,LTCUSDT,0.945060741756496
UNIUSDT,ACHUSDT,0.9461356466207198
LDOUSDT,POLYXUSDT,0.9462007759432215
SOLUSDT,XRPUSDT,0.9465592402047388
BNBUSDT,BCHUSDT,0.946580595544857
ROSEUSDT,IMXUSDT,0.9466163951271489
SOLUSDT,ACHUSDT,0.9474895115343656
SOLUSDT,STORJUSDT,0.9481357032604959
SOLUSDT,IOTAUSDT,0.9485216762198588
USDCUSDT,STORJUSDT,0.9497876967516253
SOLUSDT,APEUSDT,0.9513747648207367
USDCUSDT,SUSHIUSDT,0.9514013728186013
NEARUSDT,APEUSDT,0.9514789235025924
BNBUSDT,AVAXUSDT,0.9518561622528183
NEARUSDT,ACHUSDT,0.9538575810994675
OPUSDT,APEUSDT,0.9555678985501008
UNIUSDT,SUSHIUSDT,0.9558331286660203
VETUSDT,RVNUSDT,0.9562740201961965
BNBUSDT,DOGEUSDT,0.956399449640282
OPUSDT,ACHUSDT,0.9567411433282504
SOLUSDT,RVNUSDT,0.9573245760422409
OPUSDT,STORJUSDT,0.9582311619684961
OPUSDT,IMXUSDT,0.9592831402740405
BNBUSDT,FETUSDT,0.9593035839919043
LDOUSDT,APEUSDT,0.9622142118004444
OPUSDT,SUSHIUSDT,0.9631049077162847
BNBUSDT,IMXUSDT,0.9657011209177111
THETAUSDT,APEUSDT,0.9661988833924265
ONEUSDT,RVNUSDT,0.9667124805619209
BNBUSDT,STORJUSDT,0.9677701557363809
OPUSDT,IOTAUSDT,0.9678560999571306
BNBUSDT,IOTAUSDT,0.9692631976633983
BNBUSDT,SUSHIUSDT,0.9707480225940645
UNIUSDT,RVNUSDT,0.9720702100752963
OPUSDT,RVNUSDT,0.9729965089265983
BNBUSDT,APEUSDT,0.9739456344668658
FILUSDT,IOTAUSDT,0.9756410885130692
NMRUSDT,IMXUSDT,0.9762276760731119
FILUSDT,SUSHIUSDT,0.9769182601609497
BNBUSDT,ACHUSDT,0.9777912307465411
BNBUSDT,GALAUSDT,0.9786024055316925
BNBUSDT,RVNUSDT,0.9809338010091643
NEARUSDT,RVNUSDT,0.9810099301575745
BNBUSDT,LTCUSDT,0.9814119914735365
UNIUSDT,APEUSDT,0.9838751148554503
ROSEUSDT,IOTAUSDT,0.9840689181197855
ROSEUSDT,SUSHIUSDT,0.9856202475422322
ROSEUSDT,STORJUSDT,0.9858467925656201
NMRUSDT,SUSHIUSDT,0.986135160059303
BNBUSDT,ATOMUSDT,0.9871893005621526
ROSEUSDT,ACHUSDT,0.9878954064097032
FILUSDT,APEUSDT,0.9900850630542531
ROSEUSDT,RVNUSDT,0.9901594985901673
ROSEUSDT,APEUSDT,0.9912579306235078
